<?xml version="1.0" encoding="UTF-8"?>

<!--
  ~ Copyright (c) 2015-2020, Oracle and/or its affiliates. All rights reserved.
  ~
  ~ Licensed under the Apache License, Version 2.0 (the "License");
  ~ you may not use this file except in compliance with the License.
  ~ You may obtain a copy of the License at
  ~
  ~     http://www.apache.org/licenses/LICENSE-2.0
  ~
  ~ Unless required by applicable law or agreed to in writing, software
  ~ distributed under the License is distributed on an "AS IS" BASIS,
  ~ WITHOUT WARRANTIES OR CONDITIONS OF ANY KIND, either express implied.
  ~ See the License for the specific language governing permissions and
  ~ limitations under the License.
  -->

<!--
    Description:
        An example configuration file for a Bagging Trainer wrapped around a CART Trainer.
-->

<config>
    <component name="bagging" type="org.tribuo.ensemble.BaggingTrainer">
        <property name="innerTrainer" value="cart"/>
        <property name="combiner" value="votecombiner"/>
        <property name="numMembers" value="10"/>
        <property name="seed" value="12345"/>
    </component>

    <component name="cart" type="org.tribuo.classification.dtree.CARTClassificationTrainer">
        <property name="maxDepth" value="8"/>
        <property name="fractionFeaturesInSplit" value="1.0"/>
        <property name="seed" value="12345"/>
        <property name="impurity" value="gini"/>
    </component>

    <component name="gini" type="org.tribuo.classification.dtree.impurity.GiniIndex"/>
    <component name="entropy" type="org.tribuo.classification.dtree.impurity.Entropy"/>

    <component name="votecombiner" type="org.tribuo.classification.ensemble.VotingCombiner"/>
</config>
