<?xml version="1.0" encoding="UTF-8"?>

<!--
  ~ Copyright (c) 2015-2020, Oracle and/or its affiliates. All rights reserved.
  ~
  ~ Licensed under the Apache License, Version 2.0 (the "License");
  ~ you may not use this file except in compliance with the License.
  ~ You may obtain a copy of the License at
  ~
  ~     http://www.apache.org/licenses/LICENSE-2.0
  ~
  ~ Unless required by applicable law or agreed to in writing, software
  ~ distributed under the License is distributed on an "AS IS" BASIS,
  ~ WITHOUT WARRANTIES OR CONDITIONS OF ANY KIND, either express implied.
  ~ See the License for the specific language governing permissions and
  ~ limitations under the License.
  -->

<!--
    Description:
        An example configuration file for an L2 regularized SVM optimized in the dual.
-->

<config>
    <component name="label-factory" type="org.tribuo.classification.LabelFactory"/>

    <component name="liblinear" type="org.tribuo.classification.liblinear.LibLinearClassificationTrainer">
        <property name="trainerType" value="liblinear-algorithm"/>
        <property name="cost" value="1.0"/>
        <property name="terminationCriterion" value="0.1"/>
    </component>

    <component name="liblinear-algorithm" type="org.tribuo.classification.liblinear.LinearClassificationType">
        <property name="type" value="L2R_L1LOSS_SVC_DUAL"/>
    </component>
</config>
