<?xml version="1.0" encoding="UTF-8"?>

<!--
  ~ Copyright (c) 2015-2020, Oracle and/or its affiliates. All rights reserved.
  ~
  ~ Licensed under the Apache License, Version 2.0 (the "License");
  ~ you may not use this file except in compliance with the License.
  ~ You may obtain a copy of the License at
  ~
  ~     http://www.apache.org/licenses/LICENSE-2.0
  ~
  ~ Unless required by applicable law or agreed to in writing, software
  ~ distributed under the License is distributed on an "AS IS" BASIS,
  ~ WITHOUT WARRANTIES OR CONDITIONS OF ANY KIND, either express implied.
  ~ See the License for the specific language governing permissions and
  ~ limitations under the License.
  -->

<config>
    <component name="rf" type="org.tribuo.common.tree.RandomForestTrainer">
        <property name="innerTrainer" value="cart"/>
        <property name="combiner" value="votecombiner"/>
        <property name="numMembers" value="10"/>
        <property name="seed" value="12345"/>
    </component>

    <component name="cart" type="org.tribuo.classification.dtree.CARTClassificationTrainer">
        <property name="maxDepth" value="6"/>
        <property name="fractionFeaturesInSplit" value="0.5"/>
        <property name="seed" value="12345"/>
        <property name="impurity" value="gini"/>
    </component>

    <component name="gini" type="org.tribuo.classification.dtree.impurity.GiniIndex"/>
    <component name="entropy" type="org.tribuo.classification.dtree.impurity.Entropy"/>
    <component name="votecombiner" type="org.tribuo.classification.ensemble.VotingCombiner"/>

    <component name="adaboost" type="org.tribuo.classification.ensemble.AdaBoostTrainer">
        <property name="innerTrainer" value="cart"/>
        <property name="numMembers" value="10"/>
        <property name="seed" value="12345"/>
    </component>

    <component name="bagging" type="org.tribuo.ensemble.BaggingTrainer">
        <property name="innerTrainer" value="cart"/>
        <property name="combiner" value="votecombiner"/>
        <property name="numMembers" value="10"/>
        <property name="seed" value="12345"/>
    </component>

    <component name="liblinear" type="org.tribuo.classification.liblinear.LibLinearClassificationTrainer">
        <property name="trainerType" value="liblinear-algorithm"/>
        <property name="cost" value="1.0"/>
        <property name="terminationCriterion" value="0.1"/>
    </component>

    <component name="liblinear-algorithm" type="org.tribuo.classification.liblinear.LinearClassificationType">
        <property name="type" value="L2R_L1LOSS_SVC_DUAL"/>
    </component>

    <!--
    <component name="libsvm" type="org.tribuo.classification.libsvm.LibSVMClassificationTrainer">
        <property name="svmType" value="csvc"/>
        <property name="kernelType" value="LINEAR"/>
        <property name="nu" value="0.5"/>
        <property name="cost" value="1.0"/>
        <property name="gamma" value="1.0"/>
        <property name="shrinking" value="true"/>
        <property name="probability" value="false"/>
    </component>

    <component name="csvc" type="org.tribuo.classification.libsvm.SVMClassificationType        <property name="type" value="C_SVC"/>
    </component>
    -->

    <component name="mnb" type="org.tribuo.classification.mnb.MultinomialNaiveBayesTrainer">
        <property name="alpha" value="1.0"/>
    </component>

    <component name="xgboost" type="org.tribuo.classification.xgboost.XGBoostClassificationTrainer">
        <property name="numTrees" value="10"/>
        <property name="eta" value="0.5"/>
        <property name="gamma" value="0.1"/>
        <property name="maxDepth" value="4"/>
        <property name="minChildWeight" value="1.0"/>
        <property name="subsample" value="1.0"/>
        <property name="nThread" value="6"/>
        <property name="seed" value="1"/>
    </component>

    <component name="logistic" type="org.tribuo.classification.sgd.linear.LinearSGDTrainer">
        <property name="objective" value="log"/>
        <property name="optimiser" value="adagradparam"/>
        <property name="epochs" value="10"/>
        <property name="loggingInterval" value="10000"/>
        <property name="minibatchSize" value="1"/>
        <property name="seed" value="1"/>
    </component>

    <component name="log" type="org.tribuo.classification.sgd.objectives.LogMulticlass"/>

    <component name="adagradparam" type="org.tribuo.math.optimisers.ParameterAveraging">
        <property name="optimiser" value="adagrad"/>
    </component>

    <component name="3nn" type="org.tribuo.common.nearest.KNNTrainer">
        <property name="distance" value="L2"/>
        <property name="k" value="3"/>
        <property name="combiner" value="votecombiner"/>
    </component>

    <!--
    <component name="kernel-svm" type="org.tribuo.classification.sgd.kernel.KernelSVMTrainer">
        <property name="epochs" value="10"/>
        <property name="lambda" value="0.5"/>
        <property name="seed" value="1"/>
        <property name="loggingInterval" value="10000"/>
        <property name="kernel" value="rbf-kernel"/>
    </component>
    -->

    <component name="rbf-kernel" type="org.tribuo.math.kernel.RBF">
        <property name="gamma" value="1"/>
    </component>

    <component name="adagrad" type="org.tribuo.math.optimisers.AdaGrad">
        <property name="initialLearningRate" value="0.5"/>
        <property name="epsilon" value="0.01"/>
    </component>

    <component name="label-factory" type="org.tribuo.classification.LabelFactory"/>

</config>
