<?xml version="1.0" encoding="UTF-8"?>

<!--
  ~ Copyright (c) 2015-2020, Oracle and/or its affiliates. All rights reserved.
  ~
  ~ Licensed under the Apache License, Version 2.0 (the "License");
  ~ you may not use this file except in compliance with the License.
  ~ You may obtain a copy of the License at
  ~
  ~     http://www.apache.org/licenses/LICENSE-2.0
  ~
  ~ Unless required by applicable law or agreed to in writing, software
  ~ distributed under the License is distributed on an "AS IS" BASIS,
  ~ WITHOUT WARRANTIES OR CONDITIONS OF ANY KIND, either express implied.
  ~ See the License for the specific language governing permissions and
  ~ limitations under the License.
  -->

<!--
    Description:
        An example configuration file for an RBF SVM.
-->

<config>
    <component name="libsvm" type="org.tribuo.classification.libsvm.LibSVMClassificationTrainer">
        <property name="svmType" value="nu"/>
        <property name="kernelType" value="RBF"/>
        <property name="nu" value="0.5"/>
        <property name="cost" value="1.0"/>
        <property name="gamma" value="1.0"/>
        <property name="shrinking" value="true"/>
        <property name="probability" value="true"/>
    </component>

    <component name="nu" type="org.tribuo.classification.libsvm.SVMClassificationType">
        <property name="type" value="NU_SVC"/>
    </component>

    <component name="label-factory" type="org.tribuo.classification.LabelFactory"/>
</config>
