<?xml version="1.0" encoding="UTF-8"?>

<!--
  ~ Copyright (c) 2015-2020, Oracle and/or its affiliates. All rights reserved.
  ~
  ~ Licensed under the Apache License, Version 2.0 (the "License");
  ~ you may not use this file except in compliance with the License.
  ~ You may obtain a copy of the License at
  ~
  ~     http://www.apache.org/licenses/LICENSE-2.0
  ~
  ~ Unless required by applicable law or agreed to in writing, software
  ~ distributed under the License is distributed on an "AS IS" BASIS,
  ~ WITHOUT WARRANTIES OR CONDITIONS OF ANY KIND, either express implied.
  ~ See the License for the specific language governing permissions and
  ~ limitations under the License.
  -->

<!--
    Description:
        An example configuration file for an XGBoost model.
-->

<config>
    <component name="xgboost" type="org.tribuo.classification.xgboost.XGBoostClassificationTrainer">
        <property name="numTrees" value="20"/>
        <property name="eta" value="0.5"/>
        <property name="gamma" value="0.1"/>
        <property name="maxDepth" value="5"/>
        <property name="minChildWeight" value="1.0"/>
        <property name="subsample" value="1.0"/>
        <property name="nThread" value="6"/>
        <property name="seed" value="1"/>
    </component>
</config>
